Name,Given Name,Additional Name,Family Name,Yomi Name,Given Name Yomi,Additional Name Yomi,Family Name Yomi,Name Prefix,Name Suffix,Initials,Nickname,Short Name,Maiden Name,Birthday,Gender,Location,Billing Information,Directory Server,Mileage,Occupation,Hobby,Sensitivity,Priority,Subject,Notes,Language,Photo,Group Membership,Phone 1 - Type,Phone 1 - Value,Phone 2 - Type,Phone 2 - Value,Organization 1 - Type,Organization 1 - Name,Organization 1 - Yomi Name,Organization 1 - Title,Organization 1 - Department,Organization 1 - Symbol,Organization 1 - Location,Organization 1 - Job Description
Abel,Abel,,,,,,,,,,,,,,,,,,,,,,,,,,,Restored from Lge - LGMS428 ::: * myContacts,Mobile,15624400056,Work,15629061956,,,,,,,,
Autozone,Autozone,,,,,,,,,,,,,,,,,,,,,,,,,,,Restored from Lge - LGMS428 ::: * myContacts,Mobile,(213) 736-0472,,,,,,,,,,
Boost Monster,Boost Monster,,,,,,,,,,,,,,,,,,,,,,,,,,,* myContacts,Home,1-714-655-8975,,,,,,,,,,
Buki,Buki,,,,,,,,,,,,,,,,,,,,,,,,,,,Restored from Lge - LGMS428 ::: * myContacts,Mobile,(323) 649-3402,,,,,,,,,,
Carla,Carla,,,,,,,,,,,,,,,,,,,,,,,,,,,Restored from Lge - LGMS428 ::: * myContacts,Mobile,(213) 258-5601,,,,,,,,,,
Cesar 3Rd,Cesar 3Rd,,,,,,,,,,,,,,,,,,,,,,,,,,,* myContacts,Other,+12132953799,,,,,,,,,,
cowboy,cowboy,,,,,,,,,,,,,,,,,,,,,,,,,,,Restored from Lge - LGMS428 ::: * myContacts,Mobile,(310) 940-4057,,,,,,,,,,
Doms Grampa,Doms,,Grampa,,,,,,,,,,,,,,,,,,,,,,,,,Restored from Lge - LGMS428 ::: * myContacts,Mobile,(213) 210-5015,,,,,,,,,,
Don Mauricio,Don,,Mauricio,,,,,,,,,,,,,,,,,,,,,,,,,Restored from Lge - LGMS428 ::: * myContacts,Mobile,(213) 925-3684,,,,,,,,,,
Elite Auto Performance,Elite,Auto,Performance,,,,,,,,,,,,,,,,,,,,,,,,,Restored from Lge - LGMS428 ::: * myContacts,Main,(310) 370-0377,,,,,,,,,,
Eva,Eva,,,,,,,,,,,,,,,,,,,,,,,,,,,* myContacts,Other,+1 (323) 849-8258,,,,,,,,,,
Famous Star,Famous,,Star,,,,,,,,,,,,,,,,,,,,,,,,,* myContacts,Mobile,+1 213-909-1100,,,,,,,,,,
Felipe JW,Felipe  JW,,,,,,,,,,,,,,,,,,,,,,,,,,,* myContacts,Other,+13105050339,,,,,,,,,,
Gerardo Hvac,Gerardo,,Hvac,,,,,,,,,,,,,,,,,,,,,,,,,* myContacts,Mobile,1 310-936-6544,,,,,,,,,,
Home,Home,,,,,,,,,,,,,,,,,,,,,,,,,,,Restored from Lge - LGMS428 ::: * myContacts,Home,(213) 387-9551,,,,,,,,,,
Hvac Inspector,Hvac,,Inspector,,,,,,,,,,,,,,,,,,,,,,,,,Restored from Lge - LGMS428 ::: * myContacts,Mobile,1 818-203-3717,,,,,,,,,,
Javi Dealer Killer,Javi,Dealer,Killer,,,,,,,,,,,,,,,,,,,,,,,,,Restored from Lge - LGMS428 ::: * myContacts,Mobile,(323) 506-6332,,,,,,,,,,
Jims B.,Jims,,B,,,,,,,,,,,,,,,,,,,,,,,,,* myContacts,Mobile,+1 213-384-3346,,,,,,,,,,
juan hvac,juan,,hvac,,,,,,,,,,,,,,,,,,,,,,,,,Restored from Lge - LGMS428 ::: * myContacts,Mobile,+1 707-694-6210,,,,,,,,,,
Krux,Krux,,,,,,,,,,,,,,,,,,,,,,,,,,,* myContacts,Other,+17198368380,,,,,,,,,,
luis garcia mta,luis,garcia,mta,,,,,,,,,,,,,,,,,,,,,,,,,Restored from Lge - LGMS428 ::: * myContacts,Mobile,(323) 383-1879,,,,,,,,,,
Luis Neighbor,Luis,,Neighbor,,,,,,,,,,,,,,,,,,,,,,,,,Restored from Lge - LGMS428 ::: * myContacts,Mobile,3241122,,,,,,,,,,
Metro Express,Metro Express,,,,,,,,,,,,,,,,,,,,,,,,,,,* myContacts,Other,18778120022,,,,,,,,,,
Moises Polisher,Moises,,Polisher,,,,,,,,,,,,,,,,,,,,,,,,,Restored from Lge - LGMS428 ::: * myContacts,Mobile,1 323-413-3034,,,,,,,,,,
Mom,Mom,,,,,,,,,,,,,,,,,,,,,,,,,,,Restored from Lge - LGMS428 ::: * myContacts,Mobile,(213) 215-9885,,,,,,,,,,
Pa,Pa,,,,,,,,,,,,,,,,,,,,,,,,,,,Restored from Lge - LGMS428 ::: * myContacts,Mobile,(213) 915-1172,,,,,,,,,,
pepboys,pepboys,,,,,,,,,,,,,,,,,,,,,,,,,,,Restored from Lge - LGMS428 ::: * myContacts,Mobile,(213) 749-1594,,,,,,,,,,
Prime Aire,Prime,,Aire,,,,,,,,,,,,,,,,,,,,,,,,,Restored from Lge - LGMS428 ::: * myContacts,Mobile,1 818-883-8600,,,,,,,,,,
rambo,rambo,,,,,,,,,,,,,,,,,,,,,,,,,,,Restored from Lge - LGMS428 ::: * myContacts,Mobile,(213) 858-9563,,,,,,,,,,
Rayo,Rayo,,,,,,,,,,,,,,,,,,,,,,,,,,,* myContacts,Mobile,1 323-632-7586,,,,,,,,,,
Rogege,Rogege,,,,,,,,,,,,,,,,,,,,,,,,,,,* myContacts,Mobile,(213) 949-0919,,,,,,,,,,
ronen,ronen,,,,,,,,,,,,,,,,,,,,,,,,,,,Restored from Lge - LGMS428 ::: * myContacts,Mobile,(818) 451-8778,,,,,,,,,,
Sawn,Sawn,,,,,,,,,,,,,,,,,,,,,,,,,,,* myContacts,Other,+18054902722,,,,JW Air,,,,,,
Sylvia,Sylvia,,,,,,,,,,,,,,,,,,,,,,,,,,,* myContacts,Mobile,+1 213-271-4319,,,,,,,,,,
T  Fran i,T,,Fran,,,,,,i,,,,,,,,,,,,,,,,,,,Restored from Lge - LGMS428 ::: * myContacts,Mobile,3238293816,,,,,,,,,,
Tito,Tito,,,,,,,,,,,,,,,,,,,,,,,,,,,Restored from Lge - LGMS428 ::: * myContacts,Mobile,(213) 840-4598,,,,,,,,,,
Webbie,Webbie,,,,,,,,,,,,,,,,,,,,,,,,,,,Restored from Lge - LGMS428 ::: * myContacts,Mobile,(213) 949-5085,,,,,,,,,,
